source,target,deg,isSpikeLink
33306989,33378609,1,0
32731258,33378609,1,0
32722908,33378609,1,0
22095567,33378609,1,0
32702298,33378609,1,0
32756549,33378609,1,0
33077678,33301246,1,0
33053279,33301246,1,0
32150748,33301246,1,0
33139139,33378609,1,0
16731915,33378609,1,0
33217362,33378609,1,0
32663912,33378609,1,0
32075877,33301246,1,0
21937658,33378609,1,0
22032844,33378609,1,0
32877576,33378609,1,0
32926660,33378609,1,0
33053279,33378609,1,0
33220855,33378609,1,0
18797453,33301246,1,0
32273591,33378609,1,0
32702299,33378609,1,0
26465999,33378609,1,0
22536382,33378609,1,0
32991794,33378609,1,0
31828291,33301246,1,0
33301246,33378609,1,0
26264835,33301246,1,0
32227757,33378609,1,0
27626517,33378609,1,0
27269431,33378609,1,0
16195424,21937658,2,0
16461566,21937658,2,0
17200946,21937658,2,0
17194199,21937658,2,0
15024391,21937658,2,0
15054081,21937658,2,0
17108024,21937658,2,0
15096611,21937658,2,0
15314040,21937658,2,0
16214268,21937658,2,0
15530413,21937658,2,0
16213065,21937658,2,0
15695582,21937658,2,0
17037596,21937658,2,0
16505353,21937658,2,0
15827197,21937658,2,0
15837235,21937658,2,0
16121363,21937658,2,0
16968120,21937658,2,0
16873249,21937658,2,0
16195440,21937658,2,0
16862151,21937658,2,0
16169905,21937658,2,0
16690096,21937658,2,0
15655773,21937658,2,0
15731234,21937658,2,0
12781533,21937658,2,0
14963300,21937658,2,0
15695582,16731915,2,0
15650189,16731915,2,0
15642942,16731915,2,0
15577937,16731915,2,0
15530413,16731915,2,0
15507655,16731915,2,0
15708987,16731915,2,0
15381196,16731915,2,0
15367630,16731915,2,0
15356154,16731915,2,0
15220038,16731915,2,0
15220033,16731915,2,0
15210961,16731915,2,0
15474494,16731915,2,0
15731223,16731915,2,0
15749124,16731915,2,0
15755610,16731915,2,0
14752165,21937658,2,0
14569023,21937658,2,0
12781535,21937658,2,0
17222058,21937658,2,0
12734147,21937658,2,0
12184362,21937658,2,0
16254327,16731915,2,0
16195424,16731915,2,0
16169905,16731915,2,0
16166518,16731915,2,0
16101349,16731915,2,0
16035944,16731915,2,0
16022774,16731915,2,0
15814718,16731915,2,0
15791205,16731915,2,0
15016880,21937658,2,0
17227689,21937658,2,0
18199635,21937658,2,0
17499378,21937658,2,0
17194199,22536382,2,0
17108019,22536382,2,0
16497416,22536382,2,0
16476986,22536382,2,0
16322745,22536382,2,0
16214268,22536382,2,0
16195424,22536382,2,0
15324552,22536382,2,0
15205534,22536382,2,0
15016880,22536382,2,0
14681510,22536382,2,0
12865378,22536382,2,0
12690092,22536382,2,0
12690091,22536382,2,0
12682352,22536382,2,0
17416434,22536382,2,0
17917067,22536382,2,0
17928346,22536382,2,0
17931153,22536382,2,0
7962541,27269431,2,0
4305198,27269431,2,0
4305197,27269431,2,0
21937658,22536382,2,0
21762752,22536382,2,0
20883165,22536382,2,0
20406307,22536382,2,0
12671062,22536382,2,0
20374001,22536382,2,0
19297479,22536382,2,0
18941225,22536382,2,0
18824060,22536382,2,0
18753223,22536382,2,0
18463152,22536382,2,0
18191004,22536382,2,0
18018769,22536382,2,0
19345285,22536382,2,0
17416434,21937658,2,0
12235218,22536382,2,0
9175832,22536382,2,0
19079256,21937658,2,0
19036930,21937658,2,0
18981084,21937658,2,0
18941225,21937658,2,0
18824060,21937658,2,0
18753223,21937658,2,0
18656518,21937658,2,0
18582997,21937658,2,0
15194798,16731915,2,0
18018769,21937658,2,0
17620608,21937658,2,0
17537853,21937658,2,0
17515829,21937658,2,0
17515642,21937658,2,0
17507479,21937658,2,0
19176631,21937658,2,0
19181630,21937658,2,0
19234811,21937658,2,0
19420084,21937658,2,0
8901605,22536382,2,0
8627759,22536382,2,0
7836924,22536382,2,0
6754243,22536382,2,0
4305198,22536382,2,0
4305197,22536382,2,0
21755013,21937658,2,0
11711632,22536382,2,0
21703402,21937658,2,0
20977431,21937658,2,0
20960282,21937658,2,0
20883165,21937658,2,0
20876821,21937658,2,0
20110095,21937658,2,0
19888339,21937658,2,0
19800030,21937658,2,0
20980507,21937658,2,0
15194770,16731915,2,0
14996844,16731915,2,0
15155925,16731915,2,0
16670345,31828291,2,0
16586358,31828291,2,0
11599686,31828291,2,0
26038486,26264835,2,0
25540984,26264835,2,0
25359562,26264835,2,0
25233993,26264835,2,0
25078002,26264835,2,0
25027661,26264835,2,0
23799535,26264835,2,0
23542122,26264835,2,0
23306021,26264835,2,0
23296926,26264835,2,0
23296925,26264835,2,0
23159882,26264835,2,0
17913310,31828291,2,0
18991332,31828291,2,0
19879222,31828291,2,0
21632986,31828291,2,0
29402578,31828291,2,0
29109276,31828291,2,0
29069368,31828291,2,0
29066091,31828291,2,0
28935236,31828291,2,0
28636855,31828291,2,0
28635557,31828291,2,0
23051623,26264835,2,0
28428558,31828291,2,0
27061888,31828291,2,0
27025838,31828291,2,0
25714138,31828291,2,0
25697739,31828291,2,0
25119609,31828291,2,0
24667168,31828291,2,0
23824369,31828291,2,0
27346939,31828291,2,0
22908294,26264835,2,0
22782619,26264835,2,0
22278370,26264835,2,0
15208624,18797453,2,0
14976262,18797453,2,0
14976261,18797453,2,0
14729660,18797453,2,0
14567964,18797453,2,0
14564000,18797453,2,0
12927681,18797453,2,0
15233739,18797453,2,0
11607032,18797453,2,0
10918143,18797453,2,0
10037236,18797453,2,0
9518670,18797453,2,0
8559660,18797453,2,0
8552671,18797453,2,0
8522182,18797453,2,0
7839312,18797453,2,0
10918485,18797453,2,0
29409570,31828291,2,0
15268662,18797453,2,0
16039576,18797453,2,0
21890902,26264835,2,0
21150709,26264835,2,0
20461061,26264835,2,0
20080679,26264835,2,0
19609242,26264835,2,0
18797453,26264835,2,0
18438401,26264835,2,0
15547138,18797453,2,0
16111635,26264835,2,0
1889744,26264835,2,0
1546298,26264835,2,0
18071662,18797453,2,0
17932806,18797453,2,0
17038590,18797453,2,0
16732888,18797453,2,0
16111635,18797453,2,0
15670750,26264835,2,0
15161975,16731915,2,0
29471464,31828291,2,0
30551178,31828291,2,0
12690091,16731915,2,0
11162792,16731915,2,0
32079150,32150748,2,0
32064853,32150748,2,0
32046819,32150748,2,0
32003551,32150748,2,0
31995857,32150748,2,0
31986264,32150748,2,0
31986261,32150748,2,0
31978945,32150748,2,0
29348656,32150748,2,0
27775012,32150748,2,0
19598148,32150748,2,0
19393959,32150748,2,0
12925421,32150748,2,0
12690092,16731915,2,0
12711465,16731915,2,0
12730500,16731915,2,0
12730501,16731915,2,0
15150417,16731915,2,0
15096611,16731915,2,0
15078936,16731915,2,0
15043961,16731915,2,0
15024391,16731915,2,0
12574374,27269431,2,0
14983044,16731915,2,0
32065055,32075877,2,0
14963300,16731915,2,0
14715271,16731915,2,0
14675530,16731915,2,0
14670965,16731915,2,0
14647384,16731915,2,0
12958366,16731915,2,0
12774078,16731915,2,0
12748314,16731915,2,0
14752165,16731915,2,0
32057769,32075877,2,0
32015508,32075877,2,0
32015507,32075877,2,0
27578435,32075877,2,0
26935699,32075877,2,0
24040512,32075877,2,0
21325420,32075877,2,0
19321428,32075877,2,0
18562523,32075877,2,0
16954221,32075877,2,0
27617430,32075877,2,0
16597622,32075877,2,0
15264254,32075877,2,0
14647384,32075877,2,0
12393927,32075877,2,0
11121305,32075877,2,0
9814710,32075877,2,0
8254673,32075877,2,0
15572765,32075877,2,0
30216647,31828291,2,0
28008928,32075877,2,0
28393837,32075877,2,0
32007145,32075877,2,0
32007143,32075877,2,0
31996437,32075877,2,0
31995857,32075877,2,0
31986264,32075877,2,0
31986261,32075877,2,0
31591575,32075877,2,0
28165473,32075877,2,0
31534041,32075877,2,0
30712865,32075877,2,0
30356097,32075877,2,0
30102747,32075877,2,0
29872003,32075877,2,0
29513216,32075877,2,0
29073020,32075877,2,0
28807998,32075877,2,0
31504163,32075877,2,0
15286725,27269431,2,0
24850731,27269431,2,0
17344286,27269431,2,0
32663912,32991794,2,0
32640463,32991794,2,0
32555424,32991794,2,0
32540900,32991794,2,0
32526206,32991794,2,0
32434946,32991794,2,0
32289263,32991794,2,0
32214079,32991794,2,0
32015508,32991794,2,0
31351922,32991794,2,0
31079849,32991794,2,0
30501873,32991794,2,0
28931244,32991794,2,0
28807998,32991794,2,0
26802140,32991794,2,0
32697968,32991794,2,0
32722908,32991794,2,0
32756549,32991794,2,0
9143688,33053279,2,0
32555134,33053279,2,0
32289263,33053279,2,0
32075877,33053279,2,0
31079849,33053279,2,0
28807998,33053279,2,0
26650692,33053279,2,0
26264835,33053279,2,0
24066892,32991794,2,0
25830322,33053279,2,0
23701746,33053279,2,0
20362616,33053279,2,0
19493565,33053279,2,0
18797453,33053279,2,0
15474494,33053279,2,0
15265895,33053279,2,0
15033360,33053279,2,0
25742465,33053279,2,0
32663912,33053279,2,0
21398392,32991794,2,0
18824060,32991794,2,0
14506376,32877576,2,0
32697968,32756549,2,0
32663912,32756549,2,0
32637598,32756549,2,0
32574299,32756549,2,0
32526206,32756549,2,0
32385100,32756549,2,0
32352406,32756549,2,0
32087114,32756549,2,0
32075877,32756549,2,0
31712433,32756549,2,0
31371616,32756549,2,0
30785039,32756549,2,0
30691364,32756549,2,0
29566112,32756549,2,0
19198616,32877576,2,0
20008423,32877576,2,0
22844480,32877576,2,0
26259809,32877576,2,0
18419349,32991794,2,0
17855683,32991794,2,0
32785213,32877576,2,0
32731257,32877576,2,0
32726528,32877576,2,0
32670071,32877576,2,0
32659783,32877576,2,0
20463105,32991794,2,0
32618497,32877576,2,0
32203189,32877576,2,0
32191675,32877576,2,0
32075877,32877576,2,0
31402384,32877576,2,0
29897849,32877576,2,0
28413427,32877576,2,0
26921779,32877576,2,0
32463443,32877576,2,0
32785213,33053279,2,0
32792628,33053279,2,0
32998157,33053279,2,0
32991794,33220855,2,0
32896291,33220855,2,0
32887977,33220855,2,0
32877576,33220855,2,0
32789505,33220855,2,0
32731258,33220855,2,0
32702299,33220855,2,0
32702298,33220855,2,0
32507409,33220855,2,0
32320465,33220855,2,0
32199492,33220855,2,0
32091533,33220855,2,0
31735500,33220855,2,0
30742894,33220855,2,0
29519670,33220855,2,0
33053279,33220855,2,0
33069281,33220855,2,0
18797453,33301246,2,0
26264835,33301246,2,0
33335322,33306989,2,0
33220855,33306989,2,0
33200120,33306989,2,0
33034689,33306989,2,0
32778354,33306989,2,0
32702298,33306989,2,0
32539990,33306989,2,0
27092831,33220855,2,0
32534626,33306989,2,0
25832102,33306989,2,0
33077678,33301246,2,0
33053279,33301246,2,0
32150748,33301246,2,0
32075877,33301246,2,0
31828291,33301246,2,0
25629663,33220855,2,0
22808149,33220855,2,0
17313487,33220855,2,0
30616012,33217362,2,0
27332149,33217362,2,0
26887309,33217362,2,0
22426327,33217362,2,0
15096554,33217362,2,0
32877576,33139139,2,0
32731258,33139139,2,0
32207377,33217362,2,0
32726802,33139139,2,0
32636454,33139139,2,0
32434946,33139139,2,0
32434945,33139139,2,0
32376603,33139139,2,0
32303590,33139139,2,0
32235945,33139139,2,0
32075877,33139139,2,0
32722908,33139139,2,0
29456015,32756549,2,0
32255761,33217362,2,0
32376603,33217362,2,0
16213065,33220855,2,0
16129869,33220855,2,0
6234369,33220855,2,0
33089772,33217362,2,0
33069281,33217362,2,0
33015650,33217362,2,0
32346146,33217362,2,0
32943637,33217362,2,0
32702298,33217362,2,0
32663912,33217362,2,0
32532802,33217362,2,0
32512579,33217362,2,0
32450106,33217362,2,0
32393526,33217362,2,0
32385100,33217362,2,0
32789505,33217362,2,0
17194199,27269431,2,0
29326426,32756549,2,0
29275847,32756549,2,0
32434945,32702298,2,0
32325038,32702298,2,0
32085823,32702298,2,0
31613649,32702298,2,0
31312806,32702298,2,0
31096710,32702298,2,0
30830861,32702298,2,0
30703077,32702298,2,0
29519670,32702298,2,0
29467399,32702298,2,0
26458833,32702298,2,0
25629663,32702298,2,0
22808149,32702298,2,0
21937658,32702298,2,0
15507655,32702298,2,0
32473127,32702298,2,0
32497196,32702298,2,0
32555388,32702298,2,0
32577525,32702298,2,0
32243722,32702299,2,0
32227757,32702299,2,0
32219428,32702299,2,0
32207377,32702299,2,0
32007143,32702299,2,0
30712865,32702299,2,0
28017642,32702299,2,0
32497196,32663912,2,0
22825819,32702299,2,0
20087930,32702299,2,0
17021110,32702299,2,0
14605137,32702299,2,0
32979941,32702298,2,0
32731258,32702298,2,0
32616673,32702298,2,0
32591408,32702298,2,0
21619905,32702299,2,0
32277878,32702299,2,0
32450106,32663912,2,0
32434945,32663912,2,0
18258008,32663912,2,0
17855683,32663912,2,0
26446606,27269431,2,0
26203246,27269431,2,0
25882242,27269431,2,0
25640653,27269431,2,0
25589660,27269431,2,0
25520500,27269431,2,0
4284810,18797453,2,0
24453361,27269431,2,0
22536382,27269431,2,0
21937658,27269431,2,0
20303868,27269431,2,0
19345285,27269431,2,0
18941225,27269431,2,0
22816037,32663912,2,0
23526951,32663912,2,0
26107625,32663912,2,0
26935699,32663912,2,0
32433465,32663912,2,0
32385100,32663912,2,0
32375025,32663912,2,0
32346146,32663912,2,0
32344679,32663912,2,0
32267220,32663912,2,0
32075877,32663912,2,0
32434946,32663912,2,0
31553909,32663912,2,0
31079849,32663912,2,0
30691364,32663912,2,0
30356097,32663912,2,0
29739835,32663912,2,0
29336703,32663912,2,0
28807998,32663912,2,0
28585916,32663912,2,0
31371616,32663912,2,0
32346093,32702299,2,0
32356867,32702299,2,0
32366511,32702299,2,0
6072745,32756549,2,0
4305198,32756549,2,0
32839763,32722908,2,0
32778225,32722908,2,0
32756549,32722908,2,0
32731258,32722908,2,0
32663912,32722908,2,0
32595632,32722908,2,0
32591408,32722908,2,0
32555424,32722908,2,0
32540903,32722908,2,0
32526206,32722908,2,0
32473127,32722908,2,0
32454512,32722908,2,0
32450106,32722908,2,0
15755610,32756549,2,0
16796401,32756549,2,0
16973594,32756549,2,0
17194199,32756549,2,0
29199281,32756549,2,0
28807998,32756549,2,0
28457665,32756549,2,0
28111638,32756549,2,0
27892925,32756549,2,0
27708058,32756549,2,0
26976607,32756549,2,0
32434946,32722908,2,0
26935699,32756549,2,0
26552008,32756549,2,0
26218507,32756549,2,0
24179220,32756549,2,0
24043791,32756549,2,0
23618766,32756549,2,0
21937658,32756549,2,0
20709108,32756549,2,0
26855426,32756549,2,0
32434945,32722908,2,0
32433465,32722908,2,0
32385100,32722908,2,0
28536429,32722908,2,0
28457665,32722908,2,0
28275193,32722908,2,0
27826140,32722908,2,0
27682426,32722908,2,0
24043791,32722908,2,0
23887981,32722908,2,0
28807998,32722908,2,0
22166544,32722908,2,0
14569023,32722908,2,0
12163607,32722908,2,0
32555424,32702299,2,0
32473127,32702299,2,0
32450106,32702299,2,0
32385100,32702299,2,0
18797453,32722908,2,0
29277291,32756549,2,0
29514901,32722908,2,0
30420505,32722908,2,0
32376603,32722908,2,0
32303590,32722908,2,0
32259480,32722908,2,0
32235945,32722908,2,0
32219057,32722908,2,0
32203366,32722908,2,0
32191675,32722908,2,0
29739835,32722908,2,0
32142651,32722908,2,0
32074444,32722908,2,0
31553909,32722908,2,0
31371616,32722908,2,0
30938227,32722908,2,0
30785039,32722908,2,0
30691364,32722908,2,0
30681265,32722908,2,0
32075877,32722908,2,0
1690918,18797453,2,0
32075877,33623561,NA,1
32075877,33615177,NA,1
32075877,33614907,NA,1
32075877,33602633,NA,1
32075877,33594794,NA,1
32075877,33549263,NA,1
32075877,33537555,NA,1
32075877,33527085,NA,1
32075877,33521622,NA,1
32075877,33521210,NA,1
32075877,33520683,NA,1
32075877,33520676,NA,1
32075877,33520633,NA,1
32075877,33520624,NA,1
32075877,33506114,NA,1
32075877,33493919,NA,1
32075877,33486372,NA,1
32075877,33458462,NA,1
32075877,33456522,NA,1
32075877,33456225,NA,1
32075877,33454213,NA,1
32075877,33450678,NA,1
32075877,33447433,NA,1
32075877,33446406,NA,1
32075877,33443121,NA,1
32075877,33442687,NA,1
32075877,33437719,NA,1
32075877,33429215,NA,1
32075877,33426009,NA,1
32075877,33425182,NA,1
32075877,33417835,NA,1
32075877,33412760,NA,1
32075877,33409271,NA,1
32075877,33401173,NA,1
32075877,33398277,NA,1
32075877,33398275,NA,1
32075877,33398234,NA,1
32075877,33398233,NA,1
32075877,33396801,NA,1
32075877,33396184,NA,1
32075877,33392262,NA,1
32075877,33391633,NA,1
32075877,33391285,NA,1
32075877,33390724,NA,1
32075877,33387467,NA,1
32075877,33385714,NA,1
32075877,33383190,NA,1
32075877,33381492,NA,1
32075877,33381273,NA,1
32075877,33380340,NA,1
32075877,33380328,NA,1
32075877,33379092,NA,1
32075877,33377103,NA,1
32075877,33375371,NA,1
32075877,33374797,NA,1
32075877,33374387,NA,1
32075877,33373693,NA,1
32075877,33370597,NA,1
32075877,33368788,NA,1
32075877,33364247,NA,1
32075877,33364201,NA,1
32075877,33362916,NA,1
32075877,33362759,NA,1
32075877,33362542,NA,1
32075877,33362291,NA,1
32075877,33358977,NA,1
32075877,33357725,NA,1
32075877,33357233,NA,1
32075877,33357215,NA,1
32075877,33356169,NA,1
32075877,33356134,NA,1
32075877,33353549,NA,1
32075877,33353101,NA,1
32075877,33352576,NA,1
32075877,33352173,NA,1
32075877,33352046,NA,1
32075877,33350025,NA,1
32075877,33348900,NA,1
32075877,33348746,NA,1
32075877,33348379,NA,1
32075877,33347439,NA,1
32075877,33344605,NA,1
32075877,33344479,NA,1
32075877,33343834,NA,1
32075877,33343783,NA,1
32075877,33341894,NA,1
32075877,33341869,NA,1
32075877,33341604,NA,1
32075877,33340798,NA,1
32075877,33340519,NA,1
32075877,33340022,NA,1
32075877,33337873,NA,1
32075877,33334317,NA,1
32075877,33334050,NA,1
32075877,33331243,NA,1
32075877,33330878,NA,1
32075877,33330866,NA,1
32075877,33330839,NA,1
32075877,33330766,NA,1
32075877,33330620,NA,1
32075877,33330528,NA,1
32075877,33324769,NA,1
32075877,33324574,NA,1
32075877,33324224,NA,1
32075877,33322162,NA,1
32075877,33320635,NA,1
32075877,33318644,NA,1
32075877,33317745,NA,1
32075877,33316346,NA,1
32075877,33313362,NA,1
32075877,33313306,NA,1
32075877,33313148,NA,1
32075877,33311429,NA,1
32075877,33310780,NA,1
32075877,33310480,NA,1
32075877,33310043,NA,1
32075877,33310028,NA,1
32075877,33310017,NA,1
32075877,33309815,NA,1
32075877,33308936,NA,1
32075877,33308506,NA,1
32075877,33308500,NA,1
32075877,33306985,NA,1
32075877,33306409,NA,1
32075877,33304368,NA,1
32075877,33304309,NA,1
32075877,33304284,NA,1
32075877,33303951,NA,1
32075877,33303307,NA,1
32075877,33303190,NA,1
32075877,33302501,NA,1
32075877,33302344,NA,1
32075877,33301953,NA,1
32075877,33301853,NA,1
32075877,33301717,NA,1
32075877,33301685,NA,1
32075877,33301503,NA,1
32075877,33301246,NA,1
32075877,33300012,NA,1
32075877,33299995,NA,1
32075877,33299993,NA,1
32075877,33299990,NA,1
32075877,33299610,NA,1
32075877,33299126,NA,1
32075877,33298900,NA,1
32075877,33294799,NA,1
32075877,33294769,NA,1
32075877,33294307,NA,1
32075877,33293316,NA,1
32075877,33291642,NA,1
32075877,33291245,NA,1
32075877,33290786,NA,1
32075877,33288661,NA,1
32075877,33288645,NA,1
32075877,33287717,NA,1
32075877,33287245,NA,1
32075877,33285566,NA,1
32075877,33284859,NA,1
32075877,33283287,NA,1
32075877,33283104,NA,1
32075877,33282690,NA,1
32075877,33282147,NA,1
32075877,33278462,NA,1
32075877,33275640,NA,1
32075877,33274945,NA,1
32075877,33272566,NA,1
32075877,33271925,NA,1
32075877,33271682,NA,1
32075877,33271067,NA,1
32075877,33270225,NA,1
32075877,33269932,NA,1
32075877,33269352,NA,1
32075877,33269345,NA,1
32075877,33269329,NA,1
32075877,33268377,NA,1
32075877,33267871,NA,1
32075877,33264669,NA,1
32075877,33264492,NA,1
32075877,33262747,NA,1
32075877,33262452,NA,1
32075877,33262359,NA,1
32075877,33261634,NA,1
32075877,33261606,NA,1
32075877,33260370,NA,1
32075877,33260195,NA,1
32075877,33259788,NA,1
32075877,33258925,NA,1
32075877,33257686,NA,1
32075877,33257540,NA,1
32075877,33256807,NA,1
32075877,33255977,NA,1
32075877,33255849,NA,1
32075877,33254614,NA,1
32075877,33254549,NA,1
32075877,33253698,NA,1
32075877,33253656,NA,1
32075877,33253634,NA,1
32075877,33253633,NA,1
32075877,33250897,NA,1
32075877,33249264,NA,1
32075877,33248689,NA,1
32075877,33248470,NA,1
32075877,33248226,NA,1
32075877,33246296,NA,1
32075877,33245961,NA,1
32075877,33245857,NA,1
32075877,33245474,NA,1
32075877,33244377,NA,1
32075877,33244376,NA,1
32075877,33243994,NA,1
32075877,33242791,NA,1
32075877,33242394,NA,1
32075877,33242391,NA,1
32075877,33240216,NA,1
32075877,33238323,NA,1
32075877,33236920,NA,1
32075877,33236896,NA,1
32075877,33236029,NA,1
32075877,33236017,NA,1
32075877,33236012,NA,1
32075877,33236009,NA,1
32075877,33236008,NA,1
32075877,33236007,NA,1
32075877,33236001,NA,1
32075877,33235538,NA,1
32075877,33232865,NA,1
32075877,33232272,NA,1
32075877,33232211,NA,1
32075877,33231780,NA,1
32075877,33231324,NA,1
32075877,33231169,NA,1
32075877,33230627,NA,1
32075877,33226815,NA,1
32075877,33225826,NA,1
32075877,33225251,NA,1
32075877,33223566,NA,1
32075877,33221508,NA,1
32075877,33221383,NA,1
32075877,33221119,NA,1
32075877,33220921,NA,1
32075877,33220345,NA,1
32075877,33217916,NA,1
32075877,33217763,NA,1
32075877,33217545,NA,1
32075877,33217033,NA,1
32075877,33214719,NA,1
32075877,33213870,NA,1
32075877,33213829,NA,1
32075877,33210561,NA,1
32075877,33210300,NA,1
32075877,33208827,NA,1
32075877,33208052,NA,1
32075877,33205496,NA,1
32075877,33204713,NA,1
32075877,33204210,NA,1
32075877,33203860,NA,1
32075877,33200935,NA,1
32075877,33200842,NA,1
32075877,33200379,NA,1
32075877,33200133,NA,1
32075877,33200116,NA,1
32075877,33200028,NA,1
32075877,33199930,NA,1
32075877,33199023,NA,1
32075877,33199022,NA,1
32075877,33197881,NA,1
32075877,33195436,NA,1
32075877,33195397,NA,1
32075877,33195080,NA,1
32075877,33195060,NA,1
32075877,33194329,NA,1
32075877,33193385,NA,1
32075877,33193331,NA,1
32075877,33193115,NA,1
32075877,33189768,NA,1
32075877,33189680,NA,1
32075877,33189613,NA,1
32075877,33187074,NA,1
32075877,33186044,NA,1
32075877,33184753,NA,1
32075877,33184600,NA,1
32075877,33182073,NA,1
32075877,33181224,NA,1
32075877,33180803,NA,1
32075877,33179852,NA,1
32075877,33178779,NA,1
32075877,33178330,NA,1
32075877,33178109,NA,1
32075877,33178021,NA,1
32075877,33177651,NA,1
32075877,33176538,NA,1
32075877,33175236,NA,1
32075877,33174418,NA,1
32075877,33173913,NA,1
32075877,33173869,NA,1
32075877,33173837,NA,1
32075877,33173592,NA,1
32075877,33173434,NA,1
32075877,33172950,NA,1
32075877,33171120,NA,1
32075877,33170884,NA,1
32075877,33167242,NA,1
32075877,33164751,NA,1
32075877,33163980,NA,1
32075877,33163958,NA,1
32075877,33163859,NA,1
32075877,33163249,NA,1
32075877,33163000,NA,1
32075877,33162891,NA,1
32075877,33162728,NA,1
32075877,33161559,NA,1
32075877,33160446,NA,1
32075877,33159417,NA,1
32075877,33159009,NA,1
32075877,33158999,NA,1
32075877,33158276,NA,1
32075877,33158234,NA,1
32075877,33158147,NA,1
32075877,33154981,NA,1
32075877,33154590,NA,1
32075877,33154404,NA,1
32075877,33154108,NA,1
32075877,33154106,NA,1
32075877,33153403,NA,1
32075877,33149541,NA,1
32075877,33149112,NA,1
32075877,33147503,NA,1
32075877,33146371,NA,1
32075877,33146070,NA,1
32075877,33145296,NA,1
32075877,33142989,NA,1
32075877,33140052,NA,1
32075877,33140034,NA,1
32075877,33140032,NA,1
32075877,33139972,NA,1
32075877,33139926,NA,1
32075877,33139693,NA,1
32075877,33139139,NA,1
32075877,33138699,NA,1
32075877,33137894,NA,1
32075877,33137344,NA,1
32075877,33137330,NA,1
32075877,33134888,NA,1
32075877,33134842,NA,1
32075877,33134398,NA,1
32075877,33134395,NA,1
32075877,33134318,NA,1
32075877,33133990,NA,1
32075877,33133635,NA,1
32075877,33133525,NA,1
32075877,33132005,NA,1
32075877,33129966,NA,1
32075877,33129880,NA,1
32075877,33129373,NA,1
32075877,33129008,NA,1
32075877,33128197,NA,1
32075877,33127886,NA,1
32075877,33127862,NA,1
32075877,33127656,NA,1
32075877,33127456,NA,1
32075877,33127335,NA,1
32075877,33127296,NA,1
32075877,33125580,NA,1
32075877,33124797,NA,1
32075877,33123533,NA,1
32075877,33123144,NA,1
32075877,33122929,NA,1
32075877,33122473,NA,1
32075877,33122196,NA,1
32075877,33121625,NA,1
32075877,33121429,NA,1
32075877,33121328,NA,1
32075877,33119313,NA,1
32075877,33117408,NA,1
32075877,33117379,NA,1
32075877,33117378,NA,1
32075877,33116543,NA,1
32075877,33116249,NA,1
32075877,33115920,NA,1
32075877,33114359,NA,1
32075877,33113383,NA,1
32075877,33113345,NA,1
32075877,33112147,NA,1
32075877,33112126,NA,1
32075877,33110415,NA,1
32075877,33110348,NA,1
32075877,33110195,NA,1
32075877,33110068,NA,1
32075877,33106987,NA,1
32075877,33106782,NA,1
32075877,33105869,NA,1
32075877,33103998,NA,1
32075877,33102950,NA,1
32075877,33102628,NA,1
32075877,33102545,NA,1
32075877,33101829,NA,1
32075877,33101694,NA,1
32075877,33101264,NA,1
32075877,33101066,NA,1
32075877,33100940,NA,1
32075877,33100352,NA,1
32075877,33099241,NA,1
32075877,33099199,NA,1
32075877,33098835,NA,1
32075877,33098476,NA,1
32075877,33098357,NA,1
32075877,33097791,NA,1
32075877,33097184,NA,1
32075877,33093945,NA,1
32075877,33093202,NA,1
32075877,33091416,NA,1
32075877,33091382,NA,1
32075877,33091343,NA,1
32075877,33090793,NA,1
32075877,33089728,NA,1
32075877,33088633,NA,1
32075877,33087721,NA,1
32075877,33086508,NA,1
32075877,33086029,NA,1
32075877,33085491,NA,1
32075877,33084449,NA,1
32075877,33083807,NA,1
32075877,33083564,NA,1
32075877,33083517,NA,1
32075877,33083031,NA,1
32075877,33083026,NA,1
32075877,33082574,NA,1
32075877,33082473,NA,1
32075877,33082295,NA,1
32075877,33082293,NA,1
32075877,33080737,NA,1
32075877,33080267,NA,1
32075877,33078827,NA,1
32075877,33078369,NA,1
32075877,33078077,NA,1
32075877,33077836,NA,1
32075877,33077685,NA,1
32075877,33075532,NA,1
32075877,33074111,NA,1
32075877,33073716,NA,1
32075877,33072624,NA,1
32075877,33072500,NA,1
32075877,33072323,NA,1
32075877,33072032,NA,1
32075877,33071977,NA,1
32075877,33070079,NA,1
32075877,33069705,NA,1
32075877,33069360,NA,1
32075877,33068260,NA,1
32075877,33067518,NA,1
32075877,33067112,NA,1
32075877,33066821,NA,1
32075877,33064451,NA,1
32075877,33063791,NA,1
32075877,33062949,NA,1
32075877,33062217,NA,1
32075877,33062077,NA,1
32075877,33061805,NA,1
32075877,33061705,NA,1
32075877,33060566,NA,1
32075877,33060143,NA,1
32075877,33060041,NA,1
32075877,33059757,NA,1
32075877,33058760,NA,1
32075877,33055229,NA,1
32075877,33053605,NA,1
32075877,33053279,NA,1
32075877,33052337,NA,1
32075877,33052325,NA,1
32075877,33052313,NA,1
32075877,33052312,NA,1
32075877,33052306,NA,1
32075877,33052205,NA,1
32075877,33051445,NA,1
32075877,33050601,NA,1
32075877,33049751,NA,1
32075877,33049387,NA,1
32075877,33049069,NA,1
32075877,33047062,NA,1
32075877,33046323,NA,1
32075877,33045718,NA,1
32075877,33043818,NA,1
32075877,33043289,NA,1
32075877,33043050,NA,1
32075877,33042994,NA,1
32075877,33042151,NA,1
32075877,33042039,NA,1
32075877,33041819,NA,1
32075877,33041212,NA,1
32075877,33041173,NA,1
32075877,33039544,NA,1
32075877,33038584,NA,1
32075877,33037310,NA,1
32075877,33036961,NA,1
32075877,33036894,NA,1
32075877,33035589,NA,1
32075877,33035262,NA,1
32075877,33035201,NA,1
32075877,33034824,NA,1
32075877,33034780,NA,1
32075877,33034449,NA,1
32075877,33033717,NA,1
32075877,33033344,NA,1
32075877,33033249,NA,1
32075877,33032336,NA,1
32075877,33031941,NA,1
32075877,33029758,NA,1
32075877,33029570,NA,1
32075877,33028965,NA,1
32075877,33027617,NA,1
32075877,33027418,NA,1
32075877,33025029,NA,1
32075877,33024977,NA,1
32075877,33024307,NA,1
32075877,33024095,NA,1
32075877,33023604,NA,1
32075877,33020502,NA,1
32075877,33017910,NA,1
32075877,33017102,NA,1
32075877,33016741,NA,1
32075877,33015938,NA,1
32075877,33015650,NA,1
32075877,33015550,NA,1
32075877,33015411,NA,1
32075877,33014523,NA,1
32075877,33014208,NA,1
32075877,33013929,NA,1
32075877,33013925,NA,1
32075877,33013857,NA,1
32075877,33013637,NA,1
32075877,33012891,NA,1
32075877,33012342,NA,1
32075877,33011887,NA,1
32075877,33010842,NA,1
32075877,33009361,NA,1
32075877,33007557,NA,1
32075877,33006900,NA,1
32075877,33005531,NA,1
32075877,33005486,NA,1
32075877,33003961,NA,1
32075877,33003587,NA,1
32075877,33002032,NA,1
32075877,32998368,NA,1
32075877,32997488,NA,1
32075877,32996011,NA,1
32075877,32995801,NA,1
32075877,32995788,NA,1
32075877,32995785,NA,1
32075877,32995783,NA,1
32075877,32995773,NA,1
32075877,32995771,NA,1
32075877,32995770,NA,1
32075877,32995769,NA,1
32075877,32995758,NA,1
32075877,32995557,NA,1
32075877,32994704,NA,1
32075877,32994698,NA,1
32075877,32994364,NA,1
32075877,32992409,NA,1
32075877,32992235,NA,1
32075877,32991900,NA,1
32075877,32991844,NA,1
32075877,32991842,NA,1
32075877,32991323,NA,1
32075877,32989130,NA,1
32075877,32988772,NA,1
32075877,32988431,NA,1
32075877,32987757,NA,1
32075877,32987103,NA,1
32075877,32986016,NA,1
32075877,32985513,NA,1
32075877,32984566,NA,1
32075877,32984489,NA,1
32075877,32984253,NA,1
32075877,32983927,NA,1
32075877,32983254,NA,1
32075877,32982616,NA,1
32075877,32979942,NA,1
32075877,32979742,NA,1
32075877,32979436,NA,1
32075877,32979318,NA,1
32075877,32975865,NA,1
32075877,32973779,NA,1
32075877,32973534,NA,1
32075877,32973505,NA,1
32075877,32972994,NA,1
32075877,32972561,NA,1
32075877,32971147,NA,1
32075877,32970990,NA,1
32075877,32970989,NA,1
32075877,32969788,NA,1
32075877,32969333,NA,1
32075877,32967116,NA,1
32075877,32966064,NA,1
32075877,32965736,NA,1
32075877,32965660,NA,1
32075877,32963228,NA,1
32075877,32963099,NA,1
32075877,32962524,NA,1
32075877,32961274,NA,1
32075877,32961082,NA,1
32075877,32956643,NA,1
32075877,32955126,NA,1
32075877,32954666,NA,1
32075877,32953402,NA,1
32075877,32952855,NA,1
32075877,32950735,NA,1
32075877,32948512,NA,1
32075877,32947927,NA,1
32075877,32947136,NA,1
32075877,32946807,NA,1
32075877,32944929,NA,1
32075877,32944295,NA,1
32075877,32943888,NA,1
32075877,32943208,NA,1
32075877,32943188,NA,1
32075877,32942285,NA,1
32075877,32938937,NA,1
32075877,32937949,NA,1
32075877,32937441,NA,1
32075877,32936048,NA,1
32075877,32935928,NA,1
32075877,32935915,NA,1
32075877,32935877,NA,1
32075877,32935333,NA,1
32075877,32935331,NA,1
32075877,32935116,NA,1
32075877,32935107,NA,1
32075877,32935095,NA,1
32075877,32933047,NA,1
32075877,32931734,NA,1
32075877,32930936,NA,1
32075877,32930052,NA,1
32075877,32929310,NA,1
32075877,32929138,NA,1
32075877,32928868,NA,1
32075877,32927621,NA,1
32075877,32927129,NA,1
32075877,32924827,NA,1
32075877,32924062,NA,1
32075877,32923731,NA,1
32075877,32923422,NA,1
32075877,32923004,NA,1
32075877,32921981,NA,1
32075877,32921819,NA,1
32075877,32920291,NA,1
32075877,32920233,NA,1
32075877,32920210,NA,1
32075877,32919067,NA,1
32075877,32917884,NA,1
32075877,32917840,NA,1
32075877,32917722,NA,1
32075877,32917283,NA,1
32075877,32916821,NA,1
32075877,32915473,NA,1
32075877,32913581,NA,1
32075877,32913304,NA,1
32075877,32913297,NA,1
32075877,32913273,NA,1
32075877,32911691,NA,1
32075877,32910274,NA,1
32075877,32908981,NA,1
32075877,32908979,NA,1
32075877,32908214,NA,1
32075877,32907334,NA,1
32075877,32906733,NA,1
32075877,32905393,NA,1
32075877,32905072,NA,1
32075877,32905011,NA,1
32075877,32904707,NA,1
32075877,32904601,NA,1
32075877,32903492,NA,1
32075877,32903476,NA,1
32075877,32903349,NA,1
32075877,32903279,NA,1
32075877,32903266,NA,1
32075877,32898838,NA,1
32075877,32897518,NA,1
32075877,32897177,NA,1
32075877,32897080,NA,1
32075877,32896660,NA,1
32075877,32893632,NA,1
32075877,32891146,NA,1
32075877,32889022,NA,1
32075877,32888871,NA,1
32075877,32887884,NA,1
32075877,32887876,NA,1
32075877,32887634,NA,1
32075877,32886331,NA,1
32075877,32885971,NA,1
32075877,32885037,NA,1
32075877,32884216,NA,1
32075877,32884153,NA,1
32075877,32882432,NA,1
32075877,32881101,NA,1
32075877,32880873,NA,1
32075877,32880826,NA,1
32075877,32879801,NA,1
32075877,32879307,NA,1
32075877,32878891,NA,1
32075877,32878881,NA,1
32075877,32877828,NA,1
32075877,32877576,NA,1
32075877,32876900,NA,1
32075877,32873611,NA,1
32075877,32873192,NA,1
32075877,32872641,NA,1
32075877,32872017,NA,1
32075877,32869699,NA,1
32075877,32869558,NA,1
32075877,32869030,NA,1
32075877,32869029,NA,1
32075877,32869026,NA,1
32075877,32869022,NA,1
32075877,32866640,NA,1
32075877,32866368,NA,1
32075877,32864545,NA,1
32075877,32864178,NA,1
32075877,32860569,NA,1
32075877,32858978,NA,1
32075877,32858292,NA,1
32075877,32858233,NA,1
32075877,32858226,NA,1
32075877,32858060,NA,1
32075877,32855401,NA,1
32075877,32855181,NA,1
32075877,32854762,NA,1
32075877,32854739,NA,1
32075877,32854262,NA,1
32075877,32854247,NA,1
32075877,32853823,NA,1
32075877,32853545,NA,1
32075877,32852058,NA,1
32075877,32851919,NA,1
32075877,32851912,NA,1
32075877,32851910,NA,1
32075877,32851877,NA,1
32075877,32851855,NA,1
32075877,32850989,NA,1
32075877,32850973,NA,1
32075877,32850917,NA,1
32075877,32850564,NA,1
32075877,32850499,NA,1
32075877,32849654,NA,1
32075877,32849647,NA,1
32075877,32849449,NA,1
32075877,32848790,NA,1
32075877,32848162,NA,1
32075877,32847856,NA,1
32075877,32846196,NA,1
32075877,32846164,NA,1
32075877,32845733,NA,1
32075877,32844125,NA,1
32075877,32843695,NA,1
32075877,32842513,NA,1
32075877,32841605,NA,1
32075877,32841599,NA,1
32075877,32841215,NA,1
32075877,32840560,NA,1
32075877,32839951,NA,1
32075877,32839786,NA,1
32075877,32839634,NA,1
32075877,32839534,NA,1
32075877,32838945,NA,1
32075877,32838339,NA,1
32075877,32838282,NA,1
32075877,32838192,NA,1
32075877,32838164,NA,1
32075877,32838145,NA,1
32075877,32838074,NA,1
32075877,32838053,NA,1
32075877,32838038,NA,1
32075877,32837985,NA,1
32075877,32837984,NA,1
32075877,32837982,NA,1
32075877,32837758,NA,1
32075877,32837738,NA,1
32075877,32837710,NA,1
32075877,32837565,NA,1
32075877,32837505,NA,1
32075877,32837199,NA,1
32075877,32835326,NA,1
32075877,32835303,NA,1
32075877,32835302,NA,1
32075877,32835246,NA,1
32075877,32835154,NA,1
32075877,32835005,NA,1
32075877,32834989,NA,1
32075877,32834948,NA,1
32075877,32834430,NA,1
32075877,32834259,NA,1
32075877,32834203,NA,1
32075877,32833435,NA,1
32075877,32831104,NA,1
32075877,32829936,NA,1
32075877,32829257,NA,1
32075877,32828489,NA,1
32075877,32828027,NA,1
32075877,32827661,NA,1
32075877,32827125,NA,1
32075877,32826914,NA,1
32075877,32825438,NA,1
32075877,32825305,NA,1
32075877,32824753,NA,1
32075877,32824674,NA,1
32075877,32822927,NA,1
32075877,32822426,NA,1
32075877,32821757,NA,1
32075877,32820801,NA,1
32075877,32820179,NA,1
32075877,32818905,NA,1
32075877,32818215,NA,1
32075877,32817969,NA,1
32075877,32817961,NA,1
32075877,32817949,NA,1
32075877,32817948,NA,1
32075877,32817941,NA,1
32075877,32817938,NA,1
32075877,32817270,NA,1
32075877,32817223,NA,1
32075877,32814893,NA,1
32075877,32814760,NA,1
32075877,32814566,NA,1
32075877,32810867,NA,1
32075877,32810751,NA,1
32075877,32807895,NA,1
32075877,32807412,NA,1
32075877,32806067,NA,1
32075877,32805734,NA,1
32075877,32805314,NA,1
32075877,32804015,NA,1
32075877,32802983,NA,1
32075877,32801804,NA,1
32075877,32801052,NA,1
32075877,32800805,NA,1
32075877,32800800,NA,1
32075877,32799894,NA,1
32075877,32798444,NA,1
32075877,32795893,NA,1
32075877,32793906,NA,1
32075877,32793901,NA,1
32075877,32793875,NA,1
32075877,32793693,NA,1
32075877,32793517,NA,1
32075877,32791978,NA,1
32075877,32791497,NA,1
32075877,32790406,NA,1
32075877,32788834,NA,1
32075877,32788194,NA,1
32075877,32787330,NA,1
32075877,32787225,NA,1
32075877,32786452,NA,1
32075877,32786343,NA,1
32075877,32784899,NA,1
32075877,32784685,NA,1
32075877,32784499,NA,1
32075877,32784234,NA,1
32075877,32783610,NA,1
32075877,32781614,NA,1
32075877,32780149,NA,1
32075877,32779780,NA,1
32075877,32778421,NA,1
32075877,32774232,NA,1
32075877,32773101,NA,1
32075877,32771976,NA,1
32075877,32771700,NA,1
32075877,32771622,NA,1
32075877,32770858,NA,1
32075877,32770567,NA,1
32075877,32768971,NA,1
32075877,32768882,NA,1
32075877,32768580,NA,1
32075877,32768565,NA,1
32075877,32768490,NA,1
32075877,32767867,NA,1
32075877,32767263,NA,1
32075877,32766586,NA,1
32075877,32766541,NA,1
32075877,32765482,NA,1
32075877,32765013,NA,1
32075877,32764417,NA,1
32075877,32763812,NA,1
32075877,32762561,NA,1
32075877,32762417,NA,1
32075877,32761481,NA,1
32075877,32760887,NA,1
32075877,32760350,NA,1
32075877,32758675,NA,1
32075877,32758625,NA,1
32075877,32756606,NA,1
32075877,32756549,NA,1
32075877,32756480,NA,1
32075877,32755673,NA,1
32075877,32755569,NA,1
32075877,32755325,NA,1
32075877,32754600,NA,1
32075877,32754408,NA,1
32075877,32754036,NA,1
32075877,32753755,NA,1
32075877,32753553,NA,1
32075877,32747721,NA,1
32075877,32746720,NA,1
32075877,32745811,NA,1
32075877,32745604,NA,1
32075877,32743612,NA,1
32075877,32743578,NA,1
32075877,32742978,NA,1
32075877,32742241,NA,1
32075877,32741697,NA,1
32075877,32741372,NA,1
32075877,32740825,NA,1
32075877,32739642,NA,1
32075877,32739471,NA,1
32075877,32739174,NA,1
32075877,32738306,NA,1
32075877,32738193,NA,1
32075877,32737467,NA,1
32075877,32737423,NA,1
32075877,32735849,NA,1
32075877,32732332,NA,1
32075877,32731257,NA,1
32075877,32730915,NA,1
32075877,32730807,NA,1
32075877,32729064,NA,1
32075877,32728654,NA,1
32075877,32727485,NA,1
32075877,32726304,NA,1
32075877,32723801,NA,1
32075877,32723359,NA,1
32075877,32722908,NA,1
32075877,32722164,NA,1
32075877,32721790,NA,1
32075877,32721383,NA,1
32075877,32719821,NA,1
32075877,32719799,NA,1
32075877,32719684,NA,1
32075877,32719672,NA,1
32075877,32719619,NA,1
32075877,32718020,NA,1
32075877,32717346,NA,1
32075877,32715080,NA,1
32075877,32714119,NA,1
32075877,32714117,NA,1
32075877,32714113,NA,1
32075877,32714112,NA,1
32075877,32712910,NA,1
32075877,32712315,NA,1
32075877,32712300,NA,1
32075877,32710986,NA,1
32075877,32708755,NA,1
32075877,32708495,NA,1
32075877,32708196,NA,1
32075877,32707520,NA,1
32075877,32707445,NA,1
32075877,32703908,NA,1
32075877,32703906,NA,1
32075877,32703420,NA,1
32075877,32703069,NA,1
32075877,32702736,NA,1
32075877,32702732,NA,1
32075877,32700671,NA,1
32075877,32699850,NA,1
32075877,32699847,NA,1
32075877,32699166,NA,1
32075877,32698423,NA,1
32075877,32698238,NA,1
32075877,32697968,NA,1
32075877,32697943,NA,1
32075877,32696489,NA,1
32075877,32696264,NA,1
32075877,32695405,NA,1
32075877,32695326,NA,1
32075877,32695324,NA,1
32075877,32695122,NA,1
32075877,32694201,NA,1
32075877,32691236,NA,1
32075877,32691011,NA,1
32075877,32690910,NA,1
32075877,32689643,NA,1
32075877,32686937,NA,1
32075877,32685221,NA,1
32075877,32684497,NA,1
32075877,32684166,NA,1
32075877,32682788,NA,1
32075877,32682454,NA,1
32075877,32682041,NA,1
32075877,32681986,NA,1
32075877,32681935,NA,1
32075877,32681845,NA,1
32075877,32681121,NA,1
32075877,32681106,NA,1
32075877,32677533,NA,1
32075877,32676604,NA,1
32075877,32676596,NA,1
32075877,32675312,NA,1
32075877,32675206,NA,1
32075877,32673567,NA,1
32075877,32672061,NA,1
32075877,32671688,NA,1
32075877,32669473,NA,1
32075877,32668443,NA,1
32075877,32668215,NA,1
32075877,32668165,NA,1
32075877,32665963,NA,1
32075877,32665808,NA,1
32075877,32665645,NA,1
32075877,32664543,NA,1
32075877,32663912,NA,1
32075877,32663409,NA,1
32075877,32663051,NA,1
32075877,32662571,NA,1
32075877,32661423,NA,1
32075877,32661214,NA,1
32075877,32661197,NA,1
32075877,32661058,NA,1
32075877,32660650,NA,1
32075877,32659783,NA,1
32075877,32659373,NA,1
32075877,32658735,NA,1
32075877,32658389,NA,1
32075877,32657548,NA,1
32075877,32657473,NA,1
32075877,32656668,NA,1
32075877,32656638,NA,1
32075877,32656452,NA,1
32075877,32656303,NA,1
32075877,32655654,NA,1
32075877,32653906,NA,1
32075877,32653452,NA,1
32075877,32649880,NA,1
32075877,32646518,NA,1
32075877,32646049,NA,1
32075877,32645974,NA,1
32075877,32645344,NA,1
32075877,32645326,NA,1
32075877,32643586,NA,1
32075877,32642005,NA,1
32075877,32641875,NA,1
32075877,32641750,NA,1
32075877,32640525,NA,1
32075877,32639866,NA,1
32075877,32639848,NA,1
32075877,32637963,NA,1
32075877,32637961,NA,1
32075877,32637959,NA,1
32075877,32637958,NA,1
32075877,32637957,NA,1
32075877,32637954,NA,1
32075877,32637947,NA,1
32075877,32637944,NA,1
32075877,32636754,NA,1
32075877,32635753,NA,1
32075877,32635598,NA,1
32075877,32635180,NA,1
32075877,32634438,NA,1
32075877,32634129,NA,1
32075877,32632960,NA,1
32075877,32631318,NA,1
32075877,32628137,NA,1
32075877,32627524,NA,1
32075877,32627330,NA,1
32075877,32627216,NA,1
32075877,32626721,NA,1
32075877,32625165,NA,1
32075877,32624655,NA,1
32075877,32624257,NA,1
32075877,32623546,NA,1
32075877,32623480,NA,1
32075877,32623270,NA,1
32075877,32623038,NA,1
32075877,32623030,NA,1
32075877,32622905,NA,1
32075877,32622449,NA,1
32075877,32622243,NA,1
32075877,32621841,NA,1
32075877,32617354,NA,1
32075877,32615514,NA,1
32075877,32615316,NA,1
32075877,32612666,NA,1
32075877,32612615,NA,1
32075877,32612515,NA,1
32075877,32612430,NA,1
32075877,32611313,NA,1
32075877,32610587,NA,1
32075877,32610218,NA,1
32075877,32607499,NA,1
32075877,32606886,NA,1
32075877,32606565,NA,1
32075877,32602627,NA,1
32075877,32599237,NA,1
32075877,32596697,NA,1
32075877,32596696,NA,1
32075877,32596311,NA,1
32075877,32595513,NA,1
32075877,32595357,NA,1
32075877,32592996,NA,1
32075877,32591496,NA,1
32075877,32588002,NA,1
32075877,32588000,NA,1
32075877,32587976,NA,1
32075877,32587973,NA,1
32075877,32587972,NA,1
32075877,32587970,NA,1
32075877,32587651,NA,1
32075877,32587094,NA,1
32075877,32585913,NA,1
32075877,32585136,NA,1
32075877,32585135,NA,1
32075877,32585083,NA,1
32075877,32583729,NA,1
32075877,32583042,NA,1
32075877,32582766,NA,1
32075877,32582719,NA,1
32075877,32582134,NA,1
32075877,32581256,NA,1
32075877,32579059,NA,1
32075877,32577696,NA,1
32075877,32577677,NA,1
32075877,32577664,NA,1
32075877,32577661,NA,1
32075877,32577660,NA,1
32075877,32577656,NA,1
32075877,32577645,NA,1
32075877,32577644,NA,1
32075877,32577634,NA,1
32075877,32577631,NA,1
32075877,32575786,NA,1
32075877,32574336,NA,1
32075877,32574318,NA,1
32075877,32574296,NA,1
32075877,32574286,NA,1
32075877,32574265,NA,1
32075877,32574261,NA,1
32075877,32574260,NA,1
32075877,32574248,NA,1
32075877,32574237,NA,1
32075877,32573433,NA,1
32075877,32571838,NA,1
32075877,32571182,NA,1
32075877,32571007,NA,1
32075877,32569708,NA,1
32075877,32568751,NA,1
32075877,32566896,NA,1
32075877,32565626,NA,1
32075877,32565603,NA,1
32075877,32565126,NA,1
32075877,32563814,NA,1
32075877,32562913,NA,1
32075877,32561270,NA,1
32075877,32559081,NA,1
32075877,32558620,NA,1
32075877,32557270,NA,1
32075877,32555466,NA,1
32075877,32555446,NA,1
32075877,32555182,NA,1
32075877,32554907,NA,1
32075877,32553928,NA,1
32075877,32552462,NA,1
32075877,32551862,NA,1
32075877,32551652,NA,1
32075877,32551648,NA,1
32075877,32551560,NA,1
32075877,32550783,NA,1
32075877,32550040,NA,1
32075877,32549334,NA,1
32075877,32547039,NA,1
32075877,32546606,NA,1
32075877,32544884,NA,1
32075877,32544725,NA,1
32075877,32544429,NA,1
32075877,32544071,NA,1
32075877,32544024,NA,1
32075877,32543978,NA,1
32075877,32543353,NA,1
32075877,32543176,NA,1
32075877,32540903,NA,1
32075877,32540902,NA,1
32075877,32540901,NA,1
32075877,32540900,NA,1
32075877,32540428,NA,1
32075877,32540350,NA,1
32075877,32540268,NA,1
32075877,32539378,NA,1
32075877,32538738,NA,1
32075877,32536162,NA,1
32075877,32534109,NA,1
32075877,32533062,NA,1
32075877,32532959,NA,1
32075877,32530389,NA,1
32075877,32529116,NA,1
32075877,32528815,NA,1
32075877,32528732,NA,1
32075877,32527713,NA,1
32075877,32527699,NA,1
32075877,32526282,NA,1
32075877,32526206,NA,1
32075877,32524253,NA,1
32075877,32523109,NA,1
32075877,32522874,NA,1
32075877,32522207,NA,1
32075877,32522037,NA,1
32075877,32518072,NA,1
32075877,32516571,NA,1
32075877,32515358,NA,1
32075877,32514683,NA,1
32075877,32513867,NA,1
32075877,32513514,NA,1
32075877,32512386,NA,1
32075877,32512362,NA,1
32075877,32512271,NA,1
32075877,32511912,NA,1
32075877,32511628,NA,1
32075877,32511619,NA,1
32075877,32511607,NA,1
32075877,32511472,NA,1
32075877,32511463,NA,1
32075877,32511445,NA,1
32075877,32511441,NA,1
32075877,32511418,NA,1
32075877,32511391,NA,1
32075877,32511389,NA,1
32075877,32511375,NA,1
32075877,32511374,NA,1
32075877,32511367,NA,1
32075877,32511365,NA,1
32075877,32511362,NA,1
32075877,32511359,NA,1
32075877,32511343,NA,1
32075877,32511342,NA,1
32075877,32511337,NA,1
32075877,32511336,NA,1
32075877,32511333,NA,1
32075877,32511332,NA,1
32075877,32511330,NA,1
32075877,32511322,NA,1
32075877,32511321,NA,1
32075877,32511317,NA,1
32075877,32511307,NA,1
32075877,32511301,NA,1
32075877,32511299,NA,1
32075877,32511298,NA,1
32075877,32510978,NA,1
32075877,32507543,NA,1
32075877,32507520,NA,1
32075877,32507409,NA,1
32075877,32506725,NA,1
32075877,32504802,NA,1
32075877,32504450,NA,1
32075877,32504168,NA,1
32075877,32504046,NA,1
32075877,32503918,NA,1
32075877,32503180,NA,1
32075877,32502733,NA,1
32075877,32501378,NA,1
32075877,32499154,NA,1
32075877,32498696,NA,1
32075877,32498376,NA,1
32075877,32498076,NA,1
32075877,32497632,NA,1
32075877,32493627,NA,1
32075877,32493370,NA,1
32075877,32493004,NA,1
32075877,32492407,NA,1
32075877,32490853,NA,1
32075877,32486477,NA,1
32075877,32486364,NA,1
32075877,32485970,NA,1
32075877,32485205,NA,1
32075877,32483236,NA,1
32075877,32481690,NA,1
32075877,32479908,NA,1
32075877,32479856,NA,1
32075877,32479816,NA,1
32075877,32478897,NA,1
32075877,32478523,NA,1
32075877,32478289,NA,1
32075877,32475807,NA,1
32075877,32475759,NA,1
32075877,32474092,NA,1
32075877,32473352,NA,1
32075877,32473109,NA,1
32075877,32470316,NA,1
32075877,32469989,NA,1
32075877,32469436,NA,1
32075877,32468014,NA,1
32075877,32463239,NA,1
32075877,32461612,NA,1
32075877,32459123,NA,1
32075877,32458206,NA,1
32075877,32458149,NA,1
32075877,32456011,NA,1
32075877,32455942,NA,1
32075877,32454066,NA,1
32075877,32451271,NA,1
32075877,32451080,NA,1
32075877,32450774,NA,1
32075877,32450171,NA,1
32075877,32448085,NA,1
32075877,32446801,NA,1
32075877,32445924,NA,1
32075877,32445134,NA,1
32075877,32443810,NA,1
32075877,32442210,NA,1
32075877,32441299,NA,1
32075877,32439646,NA,1
32075877,32439306,NA,1
32075877,32438331,NA,1
32075877,32437478,NA,1
32075877,32437316,NA,1
32075877,32435607,NA,1
32075877,32434945,NA,1
32075877,32433465,NA,1
32075877,32433345,NA,1
32075877,32433217,NA,1
32075877,32432217,NA,1
32075877,32431818,NA,1
32075877,32430427,NA,1
32075877,32429032,NA,1
32075877,32428835,NA,1
32075877,32427334,NA,1
32075877,32426374,NA,1
32075877,32426212,NA,1
32075877,32425955,NA,1
32075877,32425270,NA,1
32075877,32425237,NA,1
32075877,32425000,NA,1
32075877,32423094,NA,1
32075877,32423059,NA,1
32075877,32422996,NA,1
32075877,32420674,NA,1
32075877,32418550,NA,1
32075877,32417181,NA,1
32075877,32417124,NA,1
32075877,32416259,NA,1
32075877,32416074,NA,1
32075877,32415260,NA,1
32075877,32414646,NA,1
32075877,32413701,NA,1
32075877,32413354,NA,1
32075877,32413319,NA,1
32075877,32413276,NA,1
32075877,32412303,NA,1
32075877,32412088,NA,1
32075877,32410735,NA,1
32075877,32410504,NA,1
32075877,32410003,NA,1
32075877,32407708,NA,1
32075877,32407707,NA,1
32075877,32405236,NA,1
32075877,32405156,NA,1
32075877,32404529,NA,1
32075877,32404477,NA,1
32075877,32401346,NA,1
32075877,32398432,NA,1
32075877,32397911,NA,1
32075877,32397487,NA,1
32075877,32396922,NA,1
32075877,32396771,NA,1
32075877,32395542,NA,1
32075877,32394467,NA,1
32075877,32391384,NA,1
32075877,32391310,NA,1
32075877,32391299,NA,1
32075877,32391242,NA,1
32075877,32391169,NA,1
32075877,32391022,NA,1
32075877,32390971,NA,1
32075877,32389723,NA,1
32075877,32387786,NA,1
32075877,32387642,NA,1
32075877,32387617,NA,1
32075877,32387389,NA,1
32075877,32385219,NA,1
32075877,32384820,NA,1
32075877,32379896,NA,1
32075877,32378801,NA,1
32075877,32377638,NA,1
32075877,32376634,NA,1
32075877,32376627,NA,1
32075877,32376099,NA,1
32075877,32375085,NA,1
32075877,32375025,NA,1
32075877,32374457,NA,1
32075877,32373651,NA,1
32075877,32373340,NA,1
32075877,32368489,NA,1
32075877,32367746,NA,1
32075877,32367431,NA,1
32075877,32367287,NA,1
32075877,32367205,NA,1
32075877,32366817,NA,1
32075877,32366816,NA,1
32075877,32366769,NA,1
32075877,32366695,NA,1
32075877,32365751,NA,1
32075877,32363726,NA,1
32075877,32363136,NA,1
32075877,32362648,NA,1
32075877,32362314,NA,1
32075877,32361028,NA,1
32075877,32360608,NA,1
32075877,32360231,NA,1
32075877,32359479,NA,1
32075877,32359080,NA,1
32075877,32358232,NA,1
32075877,32358203,NA,1
32075877,32358202,NA,1
32075877,32357808,NA,1
32075877,32357074,NA,1
32075877,32356252,NA,1
32075877,32354636,NA,1
32075877,32353870,NA,1
32075877,32352535,NA,1
32075877,32352406,NA,1
32075877,32350632,NA,1
32075877,32350105,NA,1
32075877,32346093,NA,1
32075877,32344320,NA,1
32075877,32344166,NA,1
32075877,32343948,NA,1
32075877,32341103,NA,1
32075877,32334062,NA,1
32075877,32333836,NA,1
32075877,32333601,NA,1
32075877,32333487,NA,1
32075877,32332765,NA,1
32075877,32331255,NA,1
32075877,32328850,NA,1
32075877,32328378,NA,1
32075877,32328234,NA,1
32075877,32326602,NA,1
32075877,32325767,NA,1
32075877,32325642,NA,1
32075877,32324951,NA,1
32075877,32320852,NA,1
32075877,32320687,NA,1
32075877,32320516,NA,1
32075877,32317408,NA,1
32075877,32316618,NA,1
32075877,32315817,NA,1
32075877,32313885,NA,1
32075877,32313660,NA,1
32075877,32313207,NA,1
32075877,32309679,NA,1
32075877,32309622,NA,1
32075877,32307014,NA,1
32075877,32306836,NA,1
32075877,32306751,NA,1
32075877,32306452,NA,1
32075877,32304772,NA,1
32075877,32304649,NA,1
32075877,32303725,NA,1
32075877,32302706,NA,1
32075877,32302069,NA,1
32075877,32302058,NA,1
32075877,32300101,NA,1
32075877,32299202,NA,1
32075877,32298273,NA,1
32075877,32298218,NA,1
32075877,32297133,NA,1
32075877,32295237,NA,1
32075877,32293710,NA,1
32075877,32293168,NA,1
32075877,32292848,NA,1
32075877,32292212,NA,1
32075877,32291542,NA,1
32075877,32291399,NA,1
32075877,32290077,NA,1
32075877,32286790,NA,1
32075877,32286150,NA,1
32075877,32284615,NA,1
32075877,32283163,NA,1
32075877,32282502,NA,1
32075877,32281785,NA,1
32075877,32279351,NA,1
32075877,32278693,NA,1
32075877,32278338,NA,1
32075877,32278065,NA,1
32075877,32275855,NA,1
32075877,32275452,NA,1
32075877,32275081,NA,1
32075877,32274617,NA,1
32075877,32272173,NA,1
32075877,32272142,NA,1
32075877,32267678,NA,1
32075877,32267164,NA,1
32075877,32266754,NA,1
32075877,32264922,NA,1
32075877,32264791,NA,1
32075877,32259480,NA,1
32075877,32255761,NA,1
32075877,32254054,NA,1
32075877,32254048,NA,1
32075877,32251731,NA,1
32075877,32251718,NA,1
32075877,32250244,NA,1
32075877,32247927,NA,1
32075877,32247050,NA,1
32075877,32246845,NA,1
32075877,32245784,NA,1
32075877,32245083,NA,1
32075877,32244852,NA,1
32075877,32241244,NA,1
32075877,32240762,NA,1
32075877,32240462,NA,1
32075877,32236815,NA,1
32075877,32235387,NA,1
32075877,32234504,NA,1
32075877,32234468,NA,1
32075877,32234466,NA,1
32075877,32234465,NA,1
32075877,32233013,NA,1
32075877,32231345,NA,1
32075877,32230900,NA,1
32075877,32229155,NA,1
32075877,32228860,NA,1
32075877,32228252,NA,1
32075877,32227760,NA,1
32075877,32227274,NA,1
32075877,32226821,NA,1
32075877,32226289,NA,1
32075877,32226286,NA,1
32075877,32226285,NA,1
32075877,32225995,NA,1
32075877,32225175,NA,1
32075877,32223179,NA,1
32075877,32222720,NA,1
32075877,32220310,NA,1
32075877,32216698,NA,1
32075877,32211816,NA,1
32075877,32210483,NA,1
32075877,32209811,NA,1
32075877,32209118,NA,1
32075877,32205349,NA,1
32075877,32205119,NA,1
32075877,32205090,NA,1
32075877,32204987,NA,1
32075877,32204754,NA,1
32075877,32203970,NA,1
32075877,32203437,NA,1
32075877,32202343,NA,1
32075877,32201353,NA,1
32075877,32200634,NA,1
32075877,32198164,NA,1
32075877,32198066,NA,1
32075877,32194980,NA,1
32075877,32183941,NA,1
32075877,32181901,NA,1
32075877,32178362,NA,1
32075877,32173256,NA,1
32075877,32172487,NA,1
32075877,32170865,NA,1
32075877,32167747,NA,1
32075877,32155444,NA,1
32075877,32143990,NA,1
32075877,32143502,NA,1
32075877,32141619,NA,1
32075877,32134116,NA,1
32075877,32132184,NA,1
32075877,32127517,NA,1
32075877,32125140,NA,1
32075877,32118371,NA,1
32075877,32106567,NA,1
32075877,32100877,NA,1
32075877,32096567,NA,1
32075877,32091134,NA,1